V(VBN),V(XOTA:TAIL),V(XOTA:D),V(VSS),V(VDD),V(OUT),V(IN)
8.20972917e-01,6.50485078e-09,3.11259516e+00,0.00000000e+00,3.30000000e+00,1.58728536e-01,0.00000000e+00
8.20972917e-01,6.59008184e-09,3.11148710e+00,0.00000000e+00,3.30000000e+00,1.58977804e-01,1.00000000e-02
8.20972917e-01,6.70293311e-09,3.11007014e+00,0.00000000e+00,3.30000000e+00,1.59305867e-01,2.00000000e-02
8.20972917e-01,6.85239876e-09,3.10827484e+00,0.00000000e+00,3.30000000e+00,1.59736816e-01,3.00000000e-02
8.20972917e-01,7.05042359e-09,3.10602548e+00,0.00000000e+00,3.30000000e+00,1.60301461e-01,4.00000000e-02
8.20972917e-01,7.31287237e-09,3.10324429e+00,0.00000000e+00,3.30000000e+00,1.61038667e-01,5.00000000e-02
8.20972917e-01,7.66080823e-09,3.09985787e+00,0.00000000e+00,3.30000000e+00,1.61996528e-01,6.00000000e-02
8.20972917e-01,8.12217480e-09,3.09580491e+00,0.00000000e+00,3.30000000e+00,1.63233036e-01,7.00000000e-02
8.20972917e-01,8.73399765e-09,3.09104411e+00,0.00000000e+00,3.30000000e+00,1.64815710e-01,8.00000000e-02
8.20972917e-01,9.54526410e-09,3.08556032e+00,0.00000000e+00,3.30000000e+00,1.66819601e-01,9.00000000e-02
8.20972917e-01,1.06206892e-08,3.07936710e+00,0.00000000e+00,3.30000000e+00,1.69323148e-01,1.00000000e-01
8.20972917e-01,1.20456459e-08,3.07250490e+00,0.00000000e+00,3.30000000e+00,1.72401791e-01,1.10000000e-01
8.20972917e-01,1.39326363e-08,3.06503536e+00,0.00000000e+00,3.30000000e+00,1.76119917e-01,1.20000000e-01
8.20972917e-01,1.64297925e-08,3.05703332e+00,0.00000000e+00,3.30000000e+00,1.80522576e-01,1.30000000e-01
8.20972917e-01,1.97320586e-08,3.04857861e+00,0.00000000e+00,3.30000000e+00,1.85628987e-01,1.40000000e-01
8.20972917e-01,2.40959017e-08,3.03974921e+00,0.00000000e+00,3.30000000e+00,1.91429663e-01,1.50000000e-01
8.20972917e-01,2.98586691e-08,3.03061648e+00,0.00000000e+00,3.30000000e+00,1.97888052e-01,1.60000000e-01
8.20972917e-01,3.74640572e-08,3.02124262e+00,0.00000000e+00,3.30000000e+00,2.04946134e-01,1.70000000e-01
8.20972917e-01,4.74956214e-08,3.01167982e+00,0.00000000e+00,3.30000000e+00,2.12532306e-01,1.80000000e-01
8.20972917e-01,6.07208441e-08,3.00197066e+00,0.00000000e+00,3.30000000e+00,2.20569520e-01,1.90000000e-01
8.20972917e-01,7.81490705e-08,2.99214909e+00,0.00000000e+00,3.30000000e+00,2.28982094e-01,2.00000000e-01
8.20972917e-01,1.01107636e-07,2.98224174e+00,0.00000000e+00,3.30000000e+00,2.37700423e-01,2.10000000e-01
8.20972917e-01,1.31341861e-07,2.97226918e+00,0.00000000e+00,3.30000000e+00,2.46663563e-01,2.20000000e-01
8.20972917e-01,1.71146325e-07,2.96224717e+00,0.00000000e+00,3.30000000e+00,2.55820105e-01,2.30000000e-01
8.20972917e-01,2.23537156e-07,2.95218764e+00,0.00000000e+00,3.30000000e+00,2.65127897e-01,2.40000000e-01
8.20972917e-01,2.92478003e-07,2.94209958e+00,0.00000000e+00,3.30000000e+00,2.74553111e-01,2.50000000e-01
8.20972917e-01,3.83176296e-07,2.93198966e+00,0.00000000e+00,3.30000000e+00,2.84069040e-01,2.60000000e-01
8.20972917e-01,5.02471397e-07,2.92186281e+00,0.00000000e+00,3.30000000e+00,2.93654866e-01,2.70000000e-01
8.20972917e-01,6.59342784e-07,2.91172263e+00,0.00000000e+00,3.30000000e+00,3.03294509e-01,2.80000000e-01
8.20972917e-01,8.65574855e-07,2.90157167e+00,0.00000000e+00,3.30000000e+00,3.12975650e-01,2.90000000e-01
8.20972917e-01,1.13662579e-06,2.89141170e+00,0.00000000e+00,3.30000000e+00,3.22688903e-01,3.00000000e-01
8.20972917e-01,1.49276183e-06,2.88124388e+00,0.00000000e+00,3.30000000e+00,3.32427161e-01,3.10000000e-01
8.20972917e-01,1.96053630e-06,2.87106891e+00,0.00000000e+00,3.30000000e+00,3.42185067e-01,3.20000000e-01
8.20972917e-01,2.57471513e-06,2.86088711e+00,0.00000000e+00,3.30000000e+00,3.51958612e-01,3.30000000e-01
8.20972917e-01,3.38077954e-06,2.85069851e+00,0.00000000e+00,3.30000000e+00,3.61744815e-01,3.40000000e-01
8.20972917e-01,4.43817252e-06,2.84050291e+00,0.00000000e+00,3.30000000e+00,3.71541481e-01,3.50000000e-01
8.20972917e-01,5.82450029e-06,2.83029991e+00,0.00000000e+00,3.30000000e+00,3.81347020e-01,3.60000000e-01
8.20972917e-01,7.64095544e-06,2.82008899e+00,0.00000000e+00,3.30000000e+00,3.91160302e-01,3.70000000e-01
8.20972917e-01,1.00192950e-05,2.80986950e+00,0.00000000e+00,3.30000000e+00,4.00980548e-01,3.80000000e-01
8.20972917e-01,1.31307875e-05,2.79964073e+00,0.00000000e+00,3.30000000e+00,4.10807250e-01,3.90000000e-01
8.20972917e-01,1.71976350e-05,2.78940193e+00,0.00000000e+00,3.30000000e+00,4.20640103e-01,4.00000000e-01
8.20972917e-01,2.25074857e-05,2.77915238e+00,0.00000000e+00,3.30000000e+00,4.30478948e-01,4.10000000e-01
8.20972917e-01,2.94317651e-05,2.76889146e+00,0.00000000e+00,3.30000000e+00,4.40323729e-01,4.20000000e-01
8.20972917e-01,3.84486791e-05,2.75861868e+00,0.00000000e+00,3.30000000e+00,4.50174452e-01,4.30000000e-01
8.20972917e-01,5.01718523e-05,2.74833388e+00,0.00000000e+00,3.30000000e+00,4.60031140e-01,4.40000000e-01
8.20972917e-01,6.53856585e-05,2.73803726e+00,0.00000000e+00,3.30000000e+00,4.69893790e-01,4.50000000e-01
8.20972917e-01,8.50883433e-05,2.72772962e+00,0.00000000e+00,3.30000000e+00,4.79762328e-01,4.60000000e-01
8.20972917e-01,1.10543996e-04,2.71741253e+00,0.00000000e+00,3.30000000e+00,4.89636558e-01,4.70000000e-01
8.20972917e-01,1.43344267e-04,2.70708858e+00,0.00000000e+00,3.30000000e+00,4.99516099e-01,4.80000000e-01
8.20972917e-01,1.85480387e-04,2.69676161e+00,0.00000000e+00,3.30000000e+00,5.09400329e-01,4.90000000e-01
8.20972917e-01,2.39425451e-04,2.68643705e+00,0.00000000e+00,3.30000000e+00,5.19288322e-01,5.00000000e-01
8.20972917e-01,3.08226115e-04,2.67612210e+00,0.00000000e+00,3.30000000e+00,5.29178798e-01,5.10000000e-01
8.20972917e-01,3.95601625e-04,2.66582605e+00,0.00000000e+00,3.30000000e+00,5.39070092e-01,5.20000000e-01
8.20972917e-01,5.06046650e-04,2.65556034e+00,0.00000000e+00,3.30000000e+00,5.48960152e-01,5.30000000e-01
8.20972917e-01,6.44932565e-04,2.64533856e+00,0.00000000e+00,3.30000000e+00,5.58846601e-01,5.40000000e-01
8.20972917e-01,8.18599863e-04,2.63517629e+00,0.00000000e+00,3.30000000e+00,5.68726850e-01,5.50000000e-01
8.20972917e-01,1.03443225e-03,2.62509073e+00,0.00000000e+00,3.30000000e+00,5.78598291e-01,5.60000000e-01
8.20972917e-01,1.30090108e-03,2.61510011e+00,0.00000000e+00,3.30000000e+00,5.88458549e-01,5.70000000e-01
8.20972917e-01,1.62756717e-03,2.60522307e+00,0.00000000e+00,3.30000000e+00,5.98305772e-01,5.80000000e-01
8.20972917e-01,2.02502660e-03,2.59547797e+00,0.00000000e+00,3.30000000e+00,6.08138898e-01,5.90000000e-01
8.20972917e-01,2.50478802e-03,2.58588236e+00,0.00000000e+00,3.30000000e+00,6.17957869e-01,6.00000000e-01
8.20972917e-01,3.07907297e-03,2.57645255e+00,0.00000000e+00,3.30000000e+00,6.27763707e-01,6.10000000e-01
8.20972917e-01,3.76053750e-03,2.56720337e+00,0.00000000e+00,3.30000000e+00,6.37558459e-01,6.20000000e-01
8.20972917e-01,4.56192449e-03,2.55814811e+00,0.00000000e+00,3.30000000e+00,6.47344986e-01,6.30000000e-01
8.20972917e-01,5.49566814e-03,2.54929852e+00,0.00000000e+00,3.30000000e+00,6.57126660e-01,6.40000000e-01
8.20972917e-01,6.57348430e-03,2.54066486e+00,0.00000000e+00,3.30000000e+00,6.66907017e-01,6.50000000e-01
8.20972917e-01,7.80598738e-03,2.53225589e+00,0.00000000e+00,3.30000000e+00,6.76689423e-01,6.60000000e-01
8.20972917e-01,9.20237385e-03,2.52407885e+00,0.00000000e+00,3.30000000e+00,6.86476826e-01,6.70000000e-01
8.20972917e-01,1.07702039e-02,2.51613945e+00,0.00000000e+00,3.30000000e+00,6.96271589e-01,6.80000000e-01
8.20972917e-01,1.25152974e-02,2.50844183e+00,0.00000000e+00,3.30000000e+00,7.06075428e-01,6.90000000e-01
8.20972917e-01,1.44417426e-02,2.50098857e+00,0.00000000e+00,3.30000000e+00,7.15889428e-01,7.00000000e-01
8.20972917e-01,1.65520035e-02,2.49378079e+00,0.00000000e+00,3.30000000e+00,7.25714116e-01,7.10000000e-01
8.20972917e-01,1.88470988e-02,2.48681830e+00,0.00000000e+00,3.30000000e+00,7.35549555e-01,7.20000000e-01
8.20972917e-01,2.13268259e-02,2.48009978e+00,0.00000000e+00,3.30000000e+00,7.45395459e-01,7.30000000e-01
8.20972917e-01,2.39900033e-02,2.47362300e+00,0.00000000e+00,3.30000000e+00,7.55251292e-01,7.40000000e-01
8.20972917e-01,2.68347096e-02,2.46738505e+00,0.00000000e+00,3.30000000e+00,7.65116353e-01,7.50000000e-01
8.20972917e-01,2.98585056e-02,2.46138256e+00,0.00000000e+00,3.30000000e+00,7.74989851e-01,7.60000000e-01
8.20972917e-01,3.30586304e-02,2.45561188e+00,0.00000000e+00,3.30000000e+00,7.84870957e-01,7.70000000e-01
8.20972917e-01,3.64321671e-02,2.45006932e+00,0.00000000e+00,3.30000000e+00,7.94758841e-01,7.80000000e-01
8.20972917e-01,3.99761789e-02,2.44475116e+00,0.00000000e+00,3.30000000e+00,8.04652697e-01,7.90000000e-01
8.20972917e-01,4.36878165e-02,2.43965357e+00,0.00000000e+00,3.30000000e+00,8.14551762e-01,8.00000000e-01
8.20972917e-01,4.75644025e-02,2.43477332e+00,0.00000000e+00,3.30000000e+00,8.24455322e-01,8.10000000e-01
8.20972917e-01,5.16034921e-02,2.43010757e+00,0.00000000e+00,3.30000000e+00,8.34362725e-01,8.20000000e-01
8.20972917e-01,5.58029151e-02,2.42565390e+00,0.00000000e+00,3.30000000e+00,8.44273370e-01,8.30000000e-01
8.20972917e-01,6.01608021e-02,2.42141024e+00,0.00000000e+00,3.30000000e+00,8.54186717e-01,8.40000000e-01
8.20972917e-01,6.46755952e-02,2.41737498e+00,0.00000000e+00,3.30000000e+00,8.64102274e-01,8.50000000e-01
8.20972917e-01,6.93460456e-02,2.41354686e+00,0.00000000e+00,3.30000000e+00,8.74019599e-01,8.60000000e-01
8.20972917e-01,7.41711949e-02,2.40992502e+00,0.00000000e+00,3.30000000e+00,8.83938299e-01,8.70000000e-01
8.20972917e-01,7.91503044e-02,2.40650885e+00,0.00000000e+00,3.30000000e+00,8.93858019e-01,8.80000000e-01
8.20972917e-01,8.42829462e-02,2.40329813e+00,0.00000000e+00,3.30000000e+00,9.03778448e-01,8.90000000e-01
8.20972917e-01,8.95687042e-02,2.40029261e+00,0.00000000e+00,3.30000000e+00,9.13699307e-01,9.00000000e-01
8.20972917e-01,9.50072112e-02,2.39749205e+00,0.00000000e+00,3.30000000e+00,9.23620353e-01,9.10000000e-01
8.20972917e-01,1.00597965e-01,2.39489596e+00,0.00000000e+00,3.30000000e+00,9.33541374e-01,9.20000000e-01
8.20972917e-01,1.06340143e-01,2.39250338e+00,0.00000000e+00,3.30000000e+00,9.43462191e-01,9.30000000e-01
8.20972917e-01,1.12232369e-01,2.39031247e+00,0.00000000e+00,3.30000000e+00,9.53382652e-01,9.40000000e-01
8.20972917e-01,1.18272451e-01,2.38832022e+00,0.00000000e+00,3.30000000e+00,9.63302639e-01,9.50000000e-01
8.20972917e-01,1.24457105e-01,2.38652204e+00,0.00000000e+00,3.30000000e+00,9.73222059e-01,9.60000000e-01
8.20972917e-01,1.30781694e-01,2.38491138e+00,0.00000000e+00,3.30000000e+00,9.83140853e-01,9.70000000e-01
8.20972917e-01,1.37240052e-01,2.38347953e+00,0.00000000e+00,3.30000000e+00,9.93058986e-01,9.80000000e-01
8.20972917e-01,1.43824441e-01,2.38221552e+00,0.00000000e+00,3.30000000e+00,1.00297645e+00,9.90000000e-01
8.20972917e-01,1.50525677e-01,2.38110637e+00,0.00000000e+00,3.30000000e+00,1.01289327e+00,1.00000000e+00
8.20972917e-01,1.57333462e-01,2.38013750e+00,0.00000000e+00,3.30000000e+00,1.02280948e+00,1.01000000e+00
8.20972917e-01,1.64236841e-01,2.37929344e+00,0.00000000e+00,3.30000000e+00,1.03272512e+00,1.02000000e+00
8.20972917e-01,1.71224744e-01,2.37855858e+00,0.00000000e+00,3.30000000e+00,1.04264025e+00,1.03000000e+00
8.20972917e-01,1.78286482e-01,2.37791784e+00,0.00000000e+00,3.30000000e+00,1.05255493e+00,1.04000000e+00
8.20972917e-01,1.85412148e-01,2.37735729e+00,0.00000000e+00,3.30000000e+00,1.06246922e+00,1.05000000e+00
8.20972917e-01,1.92592860e-01,2.37686443e+00,0.00000000e+00,3.30000000e+00,1.07238316e+00,1.06000000e+00
8.20972917e-01,1.99820874e-01,2.37642841e+00,0.00000000e+00,3.30000000e+00,1.08229682e+00,1.07000000e+00
8.20972917e-01,2.07089582e-01,2.37603995e+00,0.00000000e+00,3.30000000e+00,1.09221022e+00,1.08000000e+00
8.20972917e-01,2.14393425e-01,2.37569129e+00,0.00000000e+00,3.30000000e+00,1.10212339e+00,1.09000000e+00
8.20972917e-01,2.21727782e-01,2.37537597e+00,0.00000000e+00,3.30000000e+00,1.11203638e+00,1.10000000e+00
8.20972917e-01,2.29088831e-01,2.37508867e+00,0.00000000e+00,3.30000000e+00,1.12194919e+00,1.11000000e+00
8.20972917e-01,2.36473422e-01,2.37482501e+00,0.00000000e+00,3.30000000e+00,1.13186186e+00,1.12000000e+00
8.20972917e-01,2.43878960e-01,2.37458141e+00,0.00000000e+00,3.30000000e+00,1.14177438e+00,1.13000000e+00
8.20972917e-01,2.51303304e-01,2.37435491e+00,0.00000000e+00,3.30000000e+00,1.15168678e+00,1.14000000e+00
8.20972917e-01,2.58744678e-01,2.37414307e+00,0.00000000e+00,3.30000000e+00,1.16159907e+00,1.15000000e+00
8.20972917e-01,2.66201609e-01,2.37394388e+00,0.00000000e+00,3.30000000e+00,1.17151125e+00,1.16000000e+00
8.20972917e-01,2.73672862e-01,2.37375567e+00,0.00000000e+00,3.30000000e+00,1.18142333e+00,1.17000000e+00
8.20972917e-01,2.81157402e-01,2.37357703e+00,0.00000000e+00,3.30000000e+00,1.19133531e+00,1.18000000e+00
8.20972917e-01,2.88654351e-01,2.37340679e+00,0.00000000e+00,3.30000000e+00,1.20124720e+00,1.19000000e+00
8.20972917e-01,2.96162963e-01,2.37324397e+00,0.00000000e+00,3.30000000e+00,1.21115900e+00,1.20000000e+00
8.20972917e-01,3.03682599e-01,2.37308771e+00,0.00000000e+00,3.30000000e+00,1.22107072e+00,1.21000000e+00
8.20972917e-01,3.11212707e-01,2.37293731e+00,0.00000000e+00,3.30000000e+00,1.23098235e+00,1.22000000e+00
8.20972917e-01,3.18752809e-01,2.37279214e+00,0.00000000e+00,3.30000000e+00,1.24089390e+00,1.23000000e+00
8.20972917e-01,3.26302489e-01,2.37265168e+00,0.00000000e+00,3.30000000e+00,1.25080537e+00,1.24000000e+00
8.20972917e-01,3.33861380e-01,2.37251547e+00,0.00000000e+00,3.30000000e+00,1.26071675e+00,1.25000000e+00
8.20972917e-01,3.41429157e-01,2.37238310e+00,0.00000000e+00,3.30000000e+00,1.27062805e+00,1.26000000e+00
8.20972917e-01,3.49005534e-01,2.37225424e+00,0.00000000e+00,3.30000000e+00,1.28053928e+00,1.27000000e+00
8.20972917e-01,3.56590253e-01,2.37212857e+00,0.00000000e+00,3.30000000e+00,1.29045042e+00,1.28000000e+00
8.20972917e-01,3.64183083e-01,2.37200582e+00,0.00000000e+00,3.30000000e+00,1.30036148e+00,1.29000000e+00
8.20972917e-01,3.71783816e-01,2.37188575e+00,0.00000000e+00,3.30000000e+00,1.31027246e+00,1.30000000e+00
8.20972917e-01,3.79392262e-01,2.37176815e+00,0.00000000e+00,3.30000000e+00,1.32018335e+00,1.31000000e+00
8.20972917e-01,3.87008249e-01,2.37165283e+00,0.00000000e+00,3.30000000e+00,1.33009417e+00,1.32000000e+00
8.20972917e-01,3.94631619e-01,2.37153961e+00,0.00000000e+00,3.30000000e+00,1.34000490e+00,1.33000000e+00
8.20972917e-01,4.02262226e-01,2.37142836e+00,0.00000000e+00,3.30000000e+00,1.34991554e+00,1.34000000e+00
8.20972917e-01,4.09899937e-01,2.37131892e+00,0.00000000e+00,3.30000000e+00,1.35982611e+00,1.35000000e+00
8.20972917e-01,4.17544626e-01,2.37121117e+00,0.00000000e+00,3.30000000e+00,1.36973658e+00,1.36000000e+00
8.20972917e-01,4.25196177e-01,2.37110501e+00,0.00000000e+00,3.30000000e+00,1.37964697e+00,1.37000000e+00
8.20972917e-01,4.32854483e-01,2.37100032e+00,0.00000000e+00,3.30000000e+00,1.38955727e+00,1.38000000e+00
8.20972917e-01,4.40519442e-01,2.37089702e+00,0.00000000e+00,3.30000000e+00,1.39946748e+00,1.39000000e+00
8.20972917e-01,4.48190957e-01,2.37079502e+00,0.00000000e+00,3.30000000e+00,1.40937760e+00,1.40000000e+00
8.20972917e-01,4.55868940e-01,2.37069423e+00,0.00000000e+00,3.30000000e+00,1.41928763e+00,1.41000000e+00
8.20972917e-01,4.63553304e-01,2.37059460e+00,0.00000000e+00,3.30000000e+00,1.42919756e+00,1.42000000e+00
8.20972917e-01,4.71243970e-01,2.37049605e+00,0.00000000e+00,3.30000000e+00,1.43910741e+00,1.43000000e+00
8.20972917e-01,4.78940859e-01,2.37039852e+00,0.00000000e+00,3.30000000e+00,1.44901715e+00,1.44000000e+00
8.20972917e-01,4.86643900e-01,2.37030196e+00,0.00000000e+00,3.30000000e+00,1.45892680e+00,1.45000000e+00
8.20972917e-01,4.94353022e-01,2.37020630e+00,0.00000000e+00,3.30000000e+00,1.46883635e+00,1.46000000e+00
8.20972917e-01,5.02068158e-01,2.37011152e+00,0.00000000e+00,3.30000000e+00,1.47874581e+00,1.47000000e+00
8.20972917e-01,5.09789243e-01,2.37001755e+00,0.00000000e+00,3.30000000e+00,1.48865516e+00,1.48000000e+00
8.20972917e-01,5.17516217e-01,2.36992436e+00,0.00000000e+00,3.30000000e+00,1.49856441e+00,1.49000000e+00
8.20972917e-01,5.25249019e-01,2.36983191e+00,0.00000000e+00,3.30000000e+00,1.50847355e+00,1.50000000e+00
8.20972917e-01,5.32987593e-01,2.36974016e+00,0.00000000e+00,3.30000000e+00,1.51838260e+00,1.51000000e+00
8.20972917e-01,5.40731883e-01,2.36964908e+00,0.00000000e+00,3.30000000e+00,1.52829153e+00,1.52000000e+00
8.20972917e-01,5.48481835e-01,2.36955863e+00,0.00000000e+00,3.30000000e+00,1.53820036e+00,1.53000000e+00
8.20972917e-01,5.56237397e-01,2.36946879e+00,0.00000000e+00,3.30000000e+00,1.54810907e+00,1.54000000e+00
8.20972917e-01,5.63998520e-01,2.36937952e+00,0.00000000e+00,3.30000000e+00,1.55801768e+00,1.55000000e+00
8.20972917e-01,5.71765154e-01,2.36929081e+00,0.00000000e+00,3.30000000e+00,1.56792617e+00,1.56000000e+00
8.20972917e-01,5.79537252e-01,2.36920262e+00,0.00000000e+00,3.30000000e+00,1.57783455e+00,1.57000000e+00
8.20972917e-01,5.87314768e-01,2.36911494e+00,0.00000000e+00,3.30000000e+00,1.58774281e+00,1.58000000e+00
8.20972917e-01,5.95097657e-01,2.36902773e+00,0.00000000e+00,3.30000000e+00,1.59765095e+00,1.59000000e+00
8.20972917e-01,6.02885874e-01,2.36894098e+00,0.00000000e+00,3.30000000e+00,1.60755897e+00,1.60000000e+00
8.20972917e-01,6.10679377e-01,2.36885467e+00,0.00000000e+00,3.30000000e+00,1.61746688e+00,1.61000000e+00
8.20972917e-01,6.18478125e-01,2.36876878e+00,0.00000000e+00,3.30000000e+00,1.62737465e+00,1.62000000e+00
8.20972917e-01,6.26282075e-01,2.36868330e+00,0.00000000e+00,3.30000000e+00,1.63728231e+00,1.63000000e+00
8.20972917e-01,6.34091189e-01,2.36859819e+00,0.00000000e+00,3.30000000e+00,1.64718984e+00,1.64000000e+00
8.20972917e-01,6.41905426e-01,2.36851346e+00,0.00000000e+00,3.30000000e+00,1.65709724e+00,1.65000000e+00
8.20972917e-01,6.49724749e-01,2.36842908e+00,0.00000000e+00,3.30000000e+00,1.66700450e+00,1.66000000e+00
8.20972917e-01,6.57549120e-01,2.36834503e+00,0.00000000e+00,3.30000000e+00,1.67691164e+00,1.67000000e+00
8.20972917e-01,6.65378502e-01,2.36826131e+00,0.00000000e+00,3.30000000e+00,1.68681864e+00,1.68000000e+00
8.20972917e-01,6.73212858e-01,2.36817790e+00,0.00000000e+00,3.30000000e+00,1.69672551e+00,1.69000000e+00
8.20972917e-01,6.81052153e-01,2.36809479e+00,0.00000000e+00,3.30000000e+00,1.70663224e+00,1.70000000e+00
8.20972917e-01,6.88896352e-01,2.36801196e+00,0.00000000e+00,3.30000000e+00,1.71653882e+00,1.71000000e+00
8.20972917e-01,6.96745421e-01,2.36792941e+00,0.00000000e+00,3.30000000e+00,1.72644527e+00,1.72000000e+00
8.20972917e-01,7.04599325e-01,2.36784712e+00,0.00000000e+00,3.30000000e+00,1.73635157e+00,1.73000000e+00
8.20972917e-01,7.12458032e-01,2.36776508e+00,0.00000000e+00,3.30000000e+00,1.74625773e+00,1.74000000e+00
8.20972917e-01,7.20321508e-01,2.36768328e+00,0.00000000e+00,3.30000000e+00,1.75616374e+00,1.75000000e+00
8.20972917e-01,7.28189721e-01,2.36760171e+00,0.00000000e+00,3.30000000e+00,1.76606959e+00,1.76000000e+00
8.20972917e-01,7.36062640e-01,2.36752036e+00,0.00000000e+00,3.30000000e+00,1.77597530e+00,1.77000000e+00
8.20972917e-01,7.43940233e-01,2.36743923e+00,0.00000000e+00,3.30000000e+00,1.78588084e+00,1.78000000e+00
8.20972917e-01,7.51822469e-01,2.36735830e+00,0.00000000e+00,3.30000000e+00,1.79578623e+00,1.79000000e+00
8.20972917e-01,7.59709317e-01,2.36727756e+00,0.00000000e+00,3.30000000e+00,1.80569147e+00,1.80000000e+00
8.20972917e-01,7.67600748e-01,2.36719701e+00,0.00000000e+00,3.30000000e+00,1.81559654e+00,1.81000000e+00
8.20972917e-01,7.75496732e-01,2.36711663e+00,0.00000000e+00,3.30000000e+00,1.82550144e+00,1.82000000e+00
8.20972917e-01,7.83397240e-01,2.36703643e+00,0.00000000e+00,3.30000000e+00,1.83540618e+00,1.83000000e+00
8.20972917e-01,7.91302241e-01,2.36695639e+00,0.00000000e+00,3.30000000e+00,1.84531075e+00,1.84000000e+00
8.20972917e-01,7.99211709e-01,2.36687651e+00,0.00000000e+00,3.30000000e+00,1.85521515e+00,1.85000000e+00
8.20972917e-01,8.07125614e-01,2.36679677e+00,0.00000000e+00,3.30000000e+00,1.86511937e+00,1.86000000e+00
8.20972917e-01,8.15043929e-01,2.36671717e+00,0.00000000e+00,3.30000000e+00,1.87502341e+00,1.87000000e+00
8.20972917e-01,8.22966626e-01,2.36663771e+00,0.00000000e+00,3.30000000e+00,1.88492728e+00,1.88000000e+00
8.20972917e-01,8.30893678e-01,2.36655838e+00,0.00000000e+00,3.30000000e+00,1.89483096e+00,1.89000000e+00
8.20972917e-01,8.38825057e-01,2.36647917e+00,0.00000000e+00,3.30000000e+00,1.90473446e+00,1.90000000e+00
8.20972917e-01,8.46760737e-01,2.36640007e+00,0.00000000e+00,3.30000000e+00,1.91463777e+00,1.91000000e+00
8.20972917e-01,8.54700691e-01,2.36632109e+00,0.00000000e+00,3.30000000e+00,1.92454089e+00,1.92000000e+00
8.20972917e-01,8.62644894e-01,2.36624221e+00,0.00000000e+00,3.30000000e+00,1.93444381e+00,1.93000000e+00
8.20972917e-01,8.70593319e-01,2.36616343e+00,0.00000000e+00,3.30000000e+00,1.94434654e+00,1.94000000e+00
8.20972917e-01,8.78545940e-01,2.36608473e+00,0.00000000e+00,3.30000000e+00,1.95424907e+00,1.95000000e+00
8.20972917e-01,8.86502733e-01,2.36600613e+00,0.00000000e+00,3.30000000e+00,1.96415139e+00,1.96000000e+00
8.20972917e-01,8.94463672e-01,2.36592761e+00,0.00000000e+00,3.30000000e+00,1.97405351e+00,1.97000000e+00
8.20972917e-01,9.02428731e-01,2.36584916e+00,0.00000000e+00,3.30000000e+00,1.98395542e+00,1.98000000e+00
8.20972917e-01,9.10397887e-01,2.36577079e+00,0.00000000e+00,3.30000000e+00,1.99385712e+00,1.99000000e+00
8.20972917e-01,9.18371115e-01,2.36569248e+00,0.00000000e+00,3.30000000e+00,2.00375859e+00,2.00000000e+00
8.20972917e-01,9.26348390e-01,2.36561424e+00,0.00000000e+00,3.30000000e+00,2.01365985e+00,2.01000000e+00
8.20972917e-01,9.34329688e-01,2.36553605e+00,0.00000000e+00,3.30000000e+00,2.02356089e+00,2.02000000e+00
8.20972917e-01,9.42314985e-01,2.36545791e+00,0.00000000e+00,3.30000000e+00,2.03346170e+00,2.03000000e+00
8.20972917e-01,9.50304258e-01,2.36537982e+00,0.00000000e+00,3.30000000e+00,2.04336227e+00,2.04000000e+00
8.20972917e-01,9.58297483e-01,2.36530177e+00,0.00000000e+00,3.30000000e+00,2.05326262e+00,2.05000000e+00
8.20972917e-01,9.66294636e-01,2.36522376e+00,0.00000000e+00,3.30000000e+00,2.06316272e+00,2.06000000e+00
8.20972917e-01,9.74295695e-01,2.36514578e+00,0.00000000e+00,3.30000000e+00,2.07306258e+00,2.07000000e+00
8.20972917e-01,9.82300637e-01,2.36506783e+00,0.00000000e+00,3.30000000e+00,2.08296220e+00,2.08000000e+00
8.20972917e-01,9.90309437e-01,2.36498990e+00,0.00000000e+00,3.30000000e+00,2.09286157e+00,2.09000000e+00
8.20972917e-01,9.98322075e-01,2.36491200e+00,0.00000000e+00,3.30000000e+00,2.10276068e+00,2.10000000e+00
8.20972917e-01,1.00633853e+00,2.36483411e+00,0.00000000e+00,3.30000000e+00,2.11265953e+00,2.11000000e+00
8.20972917e-01,1.01435877e+00,2.36475623e+00,0.00000000e+00,3.30000000e+00,2.12255811e+00,2.12000000e+00
8.20972917e-01,1.02238278e+00,2.36467836e+00,0.00000000e+00,3.30000000e+00,2.13245643e+00,2.13000000e+00
8.20972917e-01,1.03041054e+00,2.36460049e+00,0.00000000e+00,3.30000000e+00,2.14235448e+00,2.14000000e+00
8.20972917e-01,1.03844203e+00,2.36452262e+00,0.00000000e+00,3.30000000e+00,2.15225225e+00,2.15000000e+00
8.20972917e-01,1.04647722e+00,2.36444475e+00,0.00000000e+00,3.30000000e+00,2.16214973e+00,2.16000000e+00
8.20972917e-01,1.05451609e+00,2.36436686e+00,0.00000000e+00,3.30000000e+00,2.17204693e+00,2.17000000e+00
8.20972917e-01,1.06255862e+00,2.36428896e+00,0.00000000e+00,3.30000000e+00,2.18194384e+00,2.18000000e+00
8.20972917e-01,1.07060479e+00,2.36421104e+00,0.00000000e+00,3.30000000e+00,2.19184045e+00,2.19000000e+00
8.20972917e-01,1.07865457e+00,2.36413310e+00,0.00000000e+00,3.30000000e+00,2.20173675e+00,2.20000000e+00
8.20972917e-01,1.08670795e+00,2.36405513e+00,0.00000000e+00,3.30000000e+00,2.21163275e+00,2.21000000e+00
8.20972917e-01,1.09476491e+00,2.36397713e+00,0.00000000e+00,3.30000000e+00,2.22152843e+00,2.22000000e+00
8.20972917e-01,1.10282541e+00,2.36389910e+00,0.00000000e+00,3.30000000e+00,2.23142379e+00,2.23000000e+00
8.20972917e-01,1.11088945e+00,2.36382103e+00,0.00000000e+00,3.30000000e+00,2.24131882e+00,2.24000000e+00
8.20972917e-01,1.11895700e+00,2.36374291e+00,0.00000000e+00,3.30000000e+00,2.25121352e+00,2.25000000e+00
8.20972917e-01,1.12702804e+00,2.36366475e+00,0.00000000e+00,3.30000000e+00,2.26110788e+00,2.26000000e+00
8.20972917e-01,1.13510255e+00,2.36358653e+00,0.00000000e+00,3.30000000e+00,2.27100190e+00,2.27000000e+00
8.20972917e-01,1.14318051e+00,2.36350826e+00,0.00000000e+00,3.30000000e+00,2.28089556e+00,2.28000000e+00
8.20972917e-01,1.15126190e+00,2.36342993e+00,0.00000000e+00,3.30000000e+00,2.29078887e+00,2.29000000e+00
8.20972917e-01,1.15934669e+00,2.36335153e+00,0.00000000e+00,3.30000000e+00,2.30068181e+00,2.30000000e+00
8.20972917e-01,1.16743486e+00,2.36327306e+00,0.00000000e+00,3.30000000e+00,2.31057438e+00,2.31000000e+00
8.20972917e-01,1.17552641e+00,2.36319452e+00,0.00000000e+00,3.30000000e+00,2.32046656e+00,2.32000000e+00
8.20972917e-01,1.18362129e+00,2.36311590e+00,0.00000000e+00,3.30000000e+00,2.33035836e+00,2.33000000e+00
8.20972917e-01,1.19171950e+00,2.36303720e+00,0.00000000e+00,3.30000000e+00,2.34024976e+00,2.34000000e+00
8.20972917e-01,1.19982102e+00,2.36295840e+00,0.00000000e+00,3.30000000e+00,2.35014075e+00,2.35000000e+00
8.20972917e-01,1.20792581e+00,2.36287952e+00,0.00000000e+00,3.30000000e+00,2.36003134e+00,2.36000000e+00
8.20972917e-01,1.21603387e+00,2.36280054e+00,0.00000000e+00,3.30000000e+00,2.36992150e+00,2.37000000e+00
8.20972917e-01,1.22414517e+00,2.36272146e+00,0.00000000e+00,3.30000000e+00,2.37981123e+00,2.38000000e+00
8.20972917e-01,1.23225969e+00,2.36264227e+00,0.00000000e+00,3.30000000e+00,2.38970052e+00,2.39000000e+00
8.20972917e-01,1.24037741e+00,2.36256297e+00,0.00000000e+00,3.30000000e+00,2.39958936e+00,2.40000000e+00
8.20972917e-01,1.24849831e+00,2.36248355e+00,0.00000000e+00,3.30000000e+00,2.40947775e+00,2.41000000e+00
8.20972917e-01,1.25662237e+00,2.36240401e+00,0.00000000e+00,3.30000000e+00,2.41936566e+00,2.42000000e+00
8.20972917e-01,1.26474957e+00,2.36232434e+00,0.00000000e+00,3.30000000e+00,2.42925310e+00,2.43000000e+00
8.20972917e-01,1.27287989e+00,2.36224454e+00,0.00000000e+00,3.30000000e+00,2.43914004e+00,2.44000000e+00
8.20972917e-01,1.28101330e+00,2.36216460e+00,0.00000000e+00,3.30000000e+00,2.44902648e+00,2.45000000e+00
8.20972917e-01,1.28914978e+00,2.36208452e+00,0.00000000e+00,3.30000000e+00,2.45891241e+00,2.46000000e+00
8.20972917e-01,1.29728933e+00,2.36200428e+00,0.00000000e+00,3.30000000e+00,2.46879782e+00,2.47000000e+00
8.20972917e-01,1.30543190e+00,2.36192389e+00,0.00000000e+00,3.30000000e+00,2.47868269e+00,2.48000000e+00
8.20972917e-01,1.31357749e+00,2.36184334e+00,0.00000000e+00,3.30000000e+00,2.48856701e+00,2.49000000e+00
8.20972917e-01,1.32172606e+00,2.36176261e+00,0.00000000e+00,3.30000000e+00,2.49845076e+00,2.50000000e+00
